image,Height,Width
vid_4_600.jpg,380,676
vid_4_620.jpg,380,676
vid_4_680.jpg,380,676
vid_4_700.jpg,380,676
vid_4_720.jpg,380,676
vid_4_740.jpg,380,676
vid_4_860.jpg,380,676
vid_4_880.jpg,380,676
vid_4_900.jpg,380,676
vid_4_920.jpg,380,676
vid_4_940.jpg,380,676
vid_4_960.jpg,380,676
vid_4_980.jpg,380,676
vid_4_1000.jpg,380,676
vid_4_1020.jpg,380,676
vid_4_1040.jpg,380,676
vid_4_1060.jpg,380,676
vid_4_1760.jpg,380,676
vid_4_1780.jpg,380,676
vid_4_1800.jpg,380,676
vid_4_1820.jpg,380,676
vid_4_1840.jpg,380,676
vid_4_1860.jpg,380,676
vid_4_1880.jpg,380,676
vid_4_1900.jpg,380,676
vid_4_1920.jpg,380,676
vid_4_1940.jpg,380,676
vid_4_1960.jpg,380,676
vid_4_1980.jpg,380,676
vid_4_2000.jpg,380,676
vid_4_2020.jpg,380,676
vid_4_2040.jpg,380,676
vid_4_2060.jpg,380,676
vid_4_2080.jpg,380,676
vid_4_2100.jpg,380,676
vid_4_2120.jpg,380,676
vid_4_2140.jpg,380,676
vid_4_2160.jpg,380,676
vid_4_2180.jpg,380,676
vid_4_2200.jpg,380,676
vid_4_2380.jpg,380,676
vid_4_2400.jpg,380,676
vid_4_2420.jpg,380,676
vid_4_2520.jpg,380,676
vid_4_2540.jpg,380,676
vid_4_3120.jpg,380,676
vid_4_3140.jpg,380,676
vid_4_3160.jpg,380,676
vid_4_3180.jpg,380,676
vid_4_3200.jpg,380,676
vid_4_3220.jpg,380,676
vid_4_3240.jpg,380,676
vid_4_3260.jpg,380,676
vid_4_3340.jpg,380,676
vid_4_3360.jpg,380,676
vid_4_3380.jpg,380,676
vid_4_3440.jpg,380,676
vid_4_3460.jpg,380,676
vid_4_3520.jpg,380,676
vid_4_3540.jpg,380,676
vid_4_3560.jpg,380,676
vid_4_3800.jpg,380,676
vid_4_3820.jpg,380,676
vid_4_3840.jpg,380,676
vid_4_4520.jpg,380,676
vid_4_4540.jpg,380,676
vid_4_4560.jpg,380,676
vid_4_6160.jpg,380,676
vid_4_6180.jpg,380,676
vid_4_6200.jpg,380,676
vid_4_6220.jpg,380,676
vid_4_6240.jpg,380,676
vid_4_6260.jpg,380,676
vid_4_6280.jpg,380,676
vid_4_6300.jpg,380,676
vid_4_6320.jpg,380,676
vid_4_6340.jpg,380,676
vid_4_6360.jpg,380,676
vid_4_6380.jpg,380,676
vid_4_6400.jpg,380,676
vid_4_6420.jpg,380,676
vid_4_6440.jpg,380,676
vid_4_6460.jpg,380,676
vid_4_6480.jpg,380,676
vid_4_6500.jpg,380,676
vid_4_6520.jpg,380,676
vid_4_8220.jpg,380,676
vid_4_8240.jpg,380,676
vid_4_8260.jpg,380,676
vid_4_8280.jpg,380,676
vid_4_8300.jpg,380,676
vid_4_8320.jpg,380,676
vid_4_8340.jpg,380,676
vid_4_8560.jpg,380,676
vid_4_8580.jpg,380,676
vid_4_8600.jpg,380,676
vid_4_8640.jpg,380,676
vid_4_8660.jpg,380,676
vid_4_8680.jpg,380,676
vid_4_8700.jpg,380,676
vid_4_8720.jpg,380,676
vid_4_8740.jpg,380,676
vid_4_8960.jpg,380,676
vid_4_8980.jpg,380,676
vid_4_9000.jpg,380,676
vid_4_9020.jpg,380,676
vid_4_9040.jpg,380,676
vid_4_9060.jpg,380,676
vid_4_9080.jpg,380,676
vid_4_9200.jpg,380,676
vid_4_9220.jpg,380,676
vid_4_9240.jpg,380,676
vid_4_9260.jpg,380,676
vid_4_9280.jpg,380,676
vid_4_9300.jpg,380,676
vid_4_9320.jpg,380,676
vid_4_9340.jpg,380,676
vid_4_9420.jpg,380,676
vid_4_9440.jpg,380,676
vid_4_9460.jpg,380,676
vid_4_9500.jpg,380,676
vid_4_9520.jpg,380,676
vid_4_9540.jpg,380,676
vid_4_9560.jpg,380,676
vid_4_9580.jpg,380,676
vid_4_9600.jpg,380,676
vid_4_9620.jpg,380,676
vid_4_9640.jpg,380,676
vid_4_9660.jpg,380,676
vid_4_9700.jpg,380,676
vid_4_9720.jpg,380,676
vid_4_9740.jpg,380,676
vid_4_9760.jpg,380,676
vid_4_9780.jpg,380,676
vid_4_9800.jpg,380,676
vid_4_9820.jpg,380,676
vid_4_9840.jpg,380,676
vid_4_9860.jpg,380,676
vid_4_9880.jpg,380,676
vid_4_9900.jpg,380,676
vid_4_9960.jpg,380,676
vid_4_9980.jpg,380,676
vid_4_10000.jpg,380,676
vid_4_10020.jpg,380,676
vid_4_10040.jpg,380,676
vid_4_10060.jpg,380,676
vid_4_10100.jpg,380,676
vid_4_10120.jpg,380,676
vid_4_10140.jpg,380,676
vid_4_10480.jpg,380,676
vid_4_10500.jpg,380,676
vid_4_10520.jpg,380,676
vid_4_10960.jpg,380,676
vid_4_10980.jpg,380,676
vid_4_11000.jpg,380,676
vid_4_11020.jpg,380,676
vid_4_11240.jpg,380,676
vid_4_11260.jpg,380,676
vid_4_11280.jpg,380,676
vid_4_11380.jpg,380,676
vid_4_11400.jpg,380,676
vid_4_11420.jpg,380,676
vid_4_11440.jpg,380,676
vid_4_11880.jpg,380,676
vid_4_11900.jpg,380,676
vid_4_11920.jpg,380,676
vid_4_11940.jpg,380,676
vid_4_11960.jpg,380,676
vid_4_11980.jpg,380,676
vid_4_12000.jpg,380,676
vid_4_12040.jpg,380,676
vid_4_12060.jpg,380,676
vid_4_12080.jpg,380,676
vid_4_12100.jpg,380,676
vid_4_12120.jpg,380,676
vid_4_12140.jpg,380,676
vid_4_12160.jpg,380,676
vid_4_12180.jpg,380,676
vid_4_12200.jpg,380,676
vid_4_12220.jpg,380,676
vid_4_12240.jpg,380,676
vid_4_12260.jpg,380,676
vid_4_12280.jpg,380,676
vid_4_12300.jpg,380,676
vid_4_12320.jpg,380,676
vid_4_12340.jpg,380,676
vid_4_12360.jpg,380,676
vid_4_12380.jpg,380,676
vid_4_12480.jpg,380,676
vid_4_13580.jpg,380,676
vid_4_13620.jpg,380,676
vid_4_13640.jpg,380,676
vid_4_13660.jpg,380,676
vid_4_13680.jpg,380,676
vid_4_13700.jpg,380,676
vid_4_13720.jpg,380,676
vid_4_13740.jpg,380,676
vid_4_13760.jpg,380,676
vid_4_13780.jpg,380,676
vid_4_13800.jpg,380,676
vid_4_13820.jpg,380,676
vid_4_13840.jpg,380,676
vid_4_13860.jpg,380,676
vid_4_13880.jpg,380,676
vid_4_13900.jpg,380,676
vid_4_13920.jpg,380,676
vid_4_14140.jpg,380,676
vid_4_14160.jpg,380,676
vid_4_14340.jpg,380,676
vid_4_14360.jpg,380,676
vid_4_14380.jpg,380,676
vid_4_14400.jpg,380,676
vid_4_14440.jpg,380,676
vid_4_14460.jpg,380,676
vid_4_14480.jpg,380,676
vid_4_14500.jpg,380,676
vid_4_15000.jpg,380,676
vid_4_15020.jpg,380,676
vid_4_15040.jpg,380,676
vid_4_16000.jpg,380,676
vid_4_16020.jpg,380,676
vid_4_16040.jpg,380,676
vid_4_16060.jpg,380,676
vid_4_16100.jpg,380,676
vid_4_16120.jpg,380,676
vid_4_16140.jpg,380,676
vid_4_16160.jpg,380,676
vid_4_16180.jpg,380,676
vid_4_16280.jpg,380,676
vid_4_16300.jpg,380,676
vid_4_16320.jpg,380,676
vid_4_16400.jpg,380,676
vid_4_16420.jpg,380,676
vid_4_16500.jpg,380,676
vid_4_16660.jpg,380,676
vid_4_16680.jpg,380,676
vid_4_16700.jpg,380,676
vid_4_16720.jpg,380,676
vid_4_17040.jpg,380,676
vid_4_17060.jpg,380,676
vid_4_17080.jpg,380,676
vid_4_17100.jpg,380,676
vid_4_17120.jpg,380,676
vid_4_17140.jpg,380,676
vid_4_17160.jpg,380,676
vid_4_17180.jpg,380,676
vid_4_17240.jpg,380,676
vid_4_17260.jpg,380,676
vid_4_17320.jpg,380,676
vid_4_17340.jpg,380,676
vid_4_17360.jpg,380,676
vid_4_17400.jpg,380,676
vid_4_17420.jpg,380,676
vid_4_17440.jpg,380,676
vid_4_17540.jpg,380,676
vid_4_17560.jpg,380,676
vid_4_17580.jpg,380,676
vid_4_17600.jpg,380,676
vid_4_17620.jpg,380,676
vid_4_17640.jpg,380,676
vid_4_17660.jpg,380,676
vid_4_17680.jpg,380,676
vid_4_18180.jpg,380,676
vid_4_18200.jpg,380,676
vid_4_18320.jpg,380,676
vid_4_18340.jpg,380,676
vid_4_18360.jpg,380,676
vid_4_18820.jpg,380,676
vid_4_18840.jpg,380,676
vid_4_18860.jpg,380,676
vid_4_18880.jpg,380,676
vid_4_19040.jpg,380,676
vid_4_19060.jpg,380,676
vid_4_19080.jpg,380,676
vid_4_19740.jpg,380,676
vid_4_19760.jpg,380,676
vid_4_19780.jpg,380,676
vid_4_19880.jpg,380,676
vid_4_19900.jpg,380,676
vid_4_19920.jpg,380,676
vid_4_21160.jpg,380,676
vid_4_21180.jpg,380,676
vid_4_21200.jpg,380,676
vid_4_21220.jpg,380,676
vid_4_21240.jpg,380,676
vid_4_21260.jpg,380,676
vid_4_21280.jpg,380,676
vid_4_21300.jpg,380,676
vid_4_21320.jpg,380,676
vid_4_21400.jpg,380,676
vid_4_21420.jpg,380,676
vid_4_21440.jpg,380,676
vid_4_21480.jpg,380,676
vid_4_21500.jpg,380,676
vid_4_21520.jpg,380,676
vid_4_21540.jpg,380,676
vid_4_21560.jpg,380,676
vid_4_21580.jpg,380,676
vid_4_21600.jpg,380,676
vid_4_21620.jpg,380,676
vid_4_21640.jpg,380,676
vid_4_21660.jpg,380,676
vid_4_21680.jpg,380,676
vid_4_22220.jpg,380,676
vid_4_22240.jpg,380,676
vid_4_22540.jpg,380,676
vid_4_22560.jpg,380,676
vid_4_22580.jpg,380,676
vid_4_22640.jpg,380,676
vid_4_22660.jpg,380,676
vid_4_22700.jpg,380,676
vid_4_22720.jpg,380,676
vid_4_22740.jpg,380,676
vid_4_22980.jpg,380,676
vid_4_23000.jpg,380,676
vid_4_23020.jpg,380,676
vid_4_24760.jpg,380,676
vid_4_26300.jpg,380,676
vid_4_26320.jpg,380,676
vid_4_26340.jpg,380,676
vid_4_26360.jpg,380,676
vid_4_26380.jpg,380,676
vid_4_26400.jpg,380,676
vid_4_26420.jpg,380,676
vid_4_26440.jpg,380,676
vid_4_26460.jpg,380,676
vid_4_26480.jpg,380,676
vid_4_26500.jpg,380,676
vid_4_26520.jpg,380,676
vid_4_26540.jpg,380,676
vid_4_26560.jpg,380,676
vid_4_26580.jpg,380,676
vid_4_28200.jpg,380,676
vid_4_28220.jpg,380,676
vid_4_28240.jpg,380,676
vid_4_28440.jpg,380,676
vid_4_28820.jpg,380,676
vid_4_28840.jpg,380,676
vid_4_28860.jpg,380,676
vid_4_28880.jpg,380,676
vid_4_29460.jpg,380,676
vid_4_29480.jpg,380,676
vid_4_29500.jpg,380,676
vid_4_29520.jpg,380,676
vid_4_29540.jpg,380,676
vid_4_29560.jpg,380,676
vid_4_29880.jpg,380,676
vid_4_29900.jpg,380,676
vid_4_29920.jpg,380,676
vid_4_29940.jpg,380,676
vid_4_29960.jpg,380,676
vid_4_29980.jpg,380,676
vid_4_30000.jpg,380,676
vid_4_30020.jpg,380,676
vid_4_30440.jpg,380,676
